instance,Gharbi et al. ,Our method 
hel1,509,510
hel2,127,128
reC01,1221,1232
reC03,1089,1093
reC05,1214,1227
reC07,1479,1485
reC09,1514,1519
reC11,1362,1372
reC13,1727,1760
reC15,1869,1874
reC17,1727,1743
reC19,2051,2058
reC21,2003,2003
reC23,1945,1961
reC25,2279,2321
reC27,2242,2259
reC29,2069,2086
reC31,3003,3007
reC33,3087,3088
reC35,3255,3262
reC37,4763,4763
reC39,4947,4963
reC41,4718,4738
flcmax_20_15_10,3473,3512
flcmax_20_15_3,3399,3440
flcmax_20_15_4,3016,3035
flcmax_20_15_5,3575,3612
flcmax_20_15_6,3221,3256
flcmax_20_20_1,3833,3883
flcmax_20_20_10,3899,3903
flcmax_20_20_2,3982,4040
flcmax_20_20_3,3833,3880
flcmax_20_20_9,3953,3958
flcmax_30_15_3,4033,4100
flcmax_30_15_4,4136,4179
flcmax_30_15_6,4284,4312
flcmax_30_15_8,4553,4572
flcmax_30_15_9,4089,4108
flcmax_30_20_1,4817,4868
flcmax_30_20_10,4928,4997
flcmax_30_20_2,4767,4816
flcmax_30_20_3,4807,4813
flcmax_30_20_6,5134,5182
flcmax_40_15_10,5603,5626
flcmax_40_15_2,5403,5404
flcmax_40_15_5,5614,5623
flcmax_40_15_8,5618,5635
flcmax_40_15_9,5156,5208
flcmax_40_20_3,5787,5825
flcmax_40_20_5,6016,6017
flcmax_40_20_6,6069,6098
flcmax_40_20_7,6288,6296
flcmax_40_20_9,6027,6043
flcmax_50_15_1,6238,6259
flcmax_50_15_2,6457,6572
flcmax_50_15_5,6375,6401
flcmax_50_15_6,6352,6370
flcmax_50_15_8,6357,6377
flcmax_50_20_1,6781,6804
flcmax_50_20_2,6811,6833
flcmax_50_20_4,6843,6870
flcmax_50_20_7,6850,6855
flcmax_50_20_8,6914,6937
