instance_id,problem_class,size,jobs,machines,method,lower_bound
JSP_20x10_01,JSP,20x10,20,10,SIHT,1206
JSP_20x10_01,JSP,20x10,20,10,SIHT+Propagation,1209
JSP_20x10_01,JSP,20x10,20,10,Full Framework,1210
JSP_20x10_02,JSP,20x10,20,10,SIHT,1254
JSP_20x10_02,JSP,20x10,20,10,SIHT+Propagation,1254
JSP_20x10_02,JSP,20x10,20,10,Full Framework,1254
JSP_20x10_03,JSP,20x10,20,10,SIHT,1276
JSP_20x10_03,JSP,20x10,20,10,SIHT+Propagation,1276
JSP_20x10_03,JSP,20x10,20,10,Full Framework,1276
JSP_20x10_04,JSP,20x10,20,10,SIHT,1126
JSP_20x10_04,JSP,20x10,20,10,SIHT+Propagation,1126
JSP_20x10_04,JSP,20x10,20,10,Full Framework,1126
JSP_20x10_05,JSP,20x10,20,10,SIHT,1177
JSP_20x10_05,JSP,20x10,20,10,SIHT+Propagation,1177
JSP_20x10_05,JSP,20x10,20,10,Full Framework,1177
JSP_40x15_01,JSP,40x15,40,15,SIHT,2334
JSP_40x15_01,JSP,40x15,40,15,SIHT+Propagation,2334
JSP_40x15_01,JSP,40x15,40,15,Full Framework,2334
JSP_40x15_02,JSP,40x15,40,15,SIHT,2260
JSP_40x15_02,JSP,40x15,40,15,SIHT+Propagation,2260
JSP_40x15_02,JSP,40x15,40,15,Full Framework,2260
JSP_40x15_03,JSP,40x15,40,15,SIHT,2237
JSP_40x15_03,JSP,40x15,40,15,SIHT+Propagation,2237
JSP_40x15_03,JSP,40x15,40,15,Full Framework,2237
JSP_40x15_04,JSP,40x15,40,15,SIHT,2337
JSP_40x15_04,JSP,40x15,40,15,SIHT+Propagation,2337
JSP_40x15_04,JSP,40x15,40,15,Full Framework,2337
JSP_40x15_05,JSP,40x15,40,15,SIHT,2479
JSP_40x15_05,JSP,40x15,40,15,SIHT+Propagation,2479
JSP_40x15_05,JSP,40x15,40,15,Full Framework,2479
JSP_60x20_01,JSP,60x20,60,20,SIHT,3674
JSP_60x20_01,JSP,60x20,60,20,SIHT+Propagation,3674
JSP_60x20_01,JSP,60x20,60,20,Full Framework,3674
JSP_60x20_02,JSP,60x20,60,20,SIHT,3483
JSP_60x20_02,JSP,60x20,60,20,SIHT+Propagation,3483
JSP_60x20_02,JSP,60x20,60,20,Full Framework,3483
JSP_60x20_03,JSP,60x20,60,20,SIHT,3388
JSP_60x20_03,JSP,60x20,60,20,SIHT+Propagation,3388
JSP_60x20_03,JSP,60x20,60,20,Full Framework,3388
JSP_60x20_04,JSP,60x20,60,20,SIHT,3320
JSP_60x20_04,JSP,60x20,60,20,SIHT+Propagation,3320
JSP_60x20_04,JSP,60x20,60,20,Full Framework,3320
JSP_60x20_05,JSP,60x20,60,20,SIHT,3625
JSP_60x20_05,JSP,60x20,60,20,SIHT+Propagation,3625
JSP_60x20_05,JSP,60x20,60,20,Full Framework,3625
NPFSP_20x10_01,NPFSP,20x10,20,10,SIHT,1403
NPFSP_20x10_01,NPFSP,20x10,20,10,SIHT+Propagation,1421
NPFSP_20x10_01,NPFSP,20x10,20,10,Full Framework,1435
NPFSP_20x10_02,NPFSP,20x10,20,10,SIHT,1475
NPFSP_20x10_02,NPFSP,20x10,20,10,SIHT+Propagation,1475
NPFSP_20x10_02,NPFSP,20x10,20,10,Full Framework,1475
NPFSP_20x10_03,NPFSP,20x10,20,10,SIHT,1512
NPFSP_20x10_03,NPFSP,20x10,20,10,SIHT+Propagation,1540
NPFSP_20x10_03,NPFSP,20x10,20,10,Full Framework,1551
NPFSP_20x10_04,NPFSP,20x10,20,10,SIHT,1368
NPFSP_20x10_04,NPFSP,20x10,20,10,SIHT+Propagation,1402
NPFSP_20x10_04,NPFSP,20x10,20,10,Full Framework,1409
NPFSP_20x10_05,NPFSP,20x10,20,10,SIHT,1612
NPFSP_20x10_05,NPFSP,20x10,20,10,SIHT+Propagation,1612
NPFSP_20x10_05,NPFSP,20x10,20,10,Full Framework,1612
NPFSP_40x15_01,NPFSP,40x15,40,15,SIHT,2802
NPFSP_40x15_01,NPFSP,40x15,40,15,SIHT+Propagation,2824
NPFSP_40x15_01,NPFSP,40x15,40,15,Full Framework,2824
NPFSP_40x15_02,NPFSP,40x15,40,15,SIHT,2535
NPFSP_40x15_02,NPFSP,40x15,40,15,SIHT+Propagation,2580
NPFSP_40x15_02,NPFSP,40x15,40,15,Full Framework,2582
NPFSP_40x15_03,NPFSP,40x15,40,15,SIHT,2902
NPFSP_40x15_03,NPFSP,40x15,40,15,SIHT+Propagation,2939
NPFSP_40x15_03,NPFSP,40x15,40,15,Full Framework,2943
NPFSP_40x15_04,NPFSP,40x15,40,15,SIHT,2742
NPFSP_40x15_04,NPFSP,40x15,40,15,SIHT+Propagation,2745
NPFSP_40x15_04,NPFSP,40x15,40,15,Full Framework,2755
NPFSP_40x15_05,NPFSP,40x15,40,15,SIHT,2825
NPFSP_40x15_05,NPFSP,40x15,40,15,SIHT+Propagation,2831
NPFSP_40x15_05,NPFSP,40x15,40,15,Full Framework,2836
NPFSP_60x20_01,NPFSP,60x20,60,20,SIHT,3942
NPFSP_60x20_01,NPFSP,60x20,60,20,SIHT+Propagation,3973
NPFSP_60x20_01,NPFSP,60x20,60,20,Full Framework,3976
NPFSP_60x20_02,NPFSP,60x20,60,20,SIHT,4006
NPFSP_60x20_02,NPFSP,60x20,60,20,SIHT+Propagation,4022
NPFSP_60x20_02,NPFSP,60x20,60,20,Full Framework,4026
NPFSP_60x20_03,NPFSP,60x20,60,20,SIHT,4315
NPFSP_60x20_03,NPFSP,60x20,60,20,SIHT+Propagation,4317
NPFSP_60x20_03,NPFSP,60x20,60,20,Full Framework,4325
NPFSP_60x20_04,NPFSP,60x20,60,20,SIHT,4126
NPFSP_60x20_04,NPFSP,60x20,60,20,SIHT+Propagation,4181
NPFSP_60x20_04,NPFSP,60x20,60,20,Full Framework,4184
NPFSP_60x20_05,NPFSP,60x20,60,20,SIHT,3952
NPFSP_60x20_05,NPFSP,60x20,60,20,SIHT+Propagation,3989
NPFSP_60x20_05,NPFSP,60x20,60,20,Full Framework,3992
PFSP_20x10_01,PFSP,20x10,20,10,SIHT,1458
PFSP_20x10_01,PFSP,20x10,20,10,SIHT+Propagation,1460
PFSP_20x10_01,PFSP,20x10,20,10,Full Framework,1476
PFSP_20x10_02,PFSP,20x10,20,10,SIHT,1486
PFSP_20x10_02,PFSP,20x10,20,10,SIHT+Propagation,1537
PFSP_20x10_02,PFSP,20x10,20,10,Full Framework,1545
PFSP_20x10_03,PFSP,20x10,20,10,SIHT,1508
PFSP_20x10_03,PFSP,20x10,20,10,SIHT+Propagation,1527
PFSP_20x10_03,PFSP,20x10,20,10,Full Framework,1543
PFSP_20x10_04,PFSP,20x10,20,10,SIHT,1399
PFSP_20x10_04,PFSP,20x10,20,10,SIHT+Propagation,1400
PFSP_20x10_04,PFSP,20x10,20,10,Full Framework,1401
PFSP_20x10_05,PFSP,20x10,20,10,SIHT,1531
PFSP_20x10_05,PFSP,20x10,20,10,SIHT+Propagation,1559
PFSP_20x10_05,PFSP,20x10,20,10,Full Framework,1582
PFSP_40x15_01,PFSP,40x15,40,15,SIHT,2750
PFSP_40x15_01,PFSP,40x15,40,15,SIHT+Propagation,2776
PFSP_40x15_01,PFSP,40x15,40,15,Full Framework,2779
PFSP_40x15_02,PFSP,40x15,40,15,SIHT,2861
PFSP_40x15_02,PFSP,40x15,40,15,SIHT+Propagation,2884
PFSP_40x15_02,PFSP,40x15,40,15,Full Framework,2884
PFSP_40x15_03,PFSP,40x15,40,15,SIHT,2926
PFSP_40x15_03,PFSP,40x15,40,15,SIHT+Propagation,2931
PFSP_40x15_03,PFSP,40x15,40,15,Full Framework,2937
PFSP_40x15_04,PFSP,40x15,40,15,SIHT,2730
PFSP_40x15_04,PFSP,40x15,40,15,SIHT+Propagation,2745
PFSP_40x15_04,PFSP,40x15,40,15,Full Framework,2757
PFSP_40x15_05,PFSP,40x15,40,15,SIHT,2675
PFSP_40x15_05,PFSP,40x15,40,15,SIHT+Propagation,2696
PFSP_40x15_05,PFSP,40x15,40,15,Full Framework,2699
PFSP_60x20_01,PFSP,60x20,60,20,SIHT,4002
PFSP_60x20_01,PFSP,60x20,60,20,SIHT+Propagation,4035
PFSP_60x20_01,PFSP,60x20,60,20,Full Framework,4037
PFSP_60x20_02,PFSP,60x20,60,20,SIHT,3959
PFSP_60x20_02,PFSP,60x20,60,20,SIHT+Propagation,3960
PFSP_60x20_02,PFSP,60x20,60,20,Full Framework,3960
PFSP_60x20_03,PFSP,60x20,60,20,SIHT,3975
PFSP_60x20_03,PFSP,60x20,60,20,SIHT+Propagation,4000
PFSP_60x20_03,PFSP,60x20,60,20,Full Framework,4002
PFSP_60x20_04,PFSP,60x20,60,20,SIHT,4070
PFSP_60x20_04,PFSP,60x20,60,20,SIHT+Propagation,4097
PFSP_60x20_04,PFSP,60x20,60,20,Full Framework,4098
PFSP_60x20_05,PFSP,60x20,60,20,SIHT,4388
PFSP_60x20_05,PFSP,60x20,60,20,SIHT+Propagation,4431
PFSP_60x20_05,PFSP,60x20,60,20,Full Framework,4439
